timestamp,sim_time,kinetic_entropy,energetic_entropy,active_nodes
1770950723.970757,0.0,0.5679809991051609,4.605166916861369,100
1770950724.1584609,0.1,0.5909478515329001,4.6051637768004845,100
1770950724.535638,0.2,0.6707701930728953,4.605157790574113,100
1770950724.783953,0.30000000000000004,0.6187604312718827,4.60515669190937,100
1770950725.024232,0.4,0.42813728454401995,4.605155145276443,100
1770950725.2670772,0.5,0.45763766892134594,4.605149446643083,100
1770950725.517208,0.6,0.7521119216452788,4.605145946743428,100
1770950725.7545972,0.7,0.3510545926815544,4.605141638507522,100
1770950725.990575,0.7999999999999999,0.40016043009333596,4.605138783757308,100
1770950726.2264519,0.8999999999999999,0.46289912607525063,4.6051335688792765,100
1770950726.465046,0.9999999999999999,0.18215206526409394,4.605133182550297,100
1770950726.702569,1.0999999999999999,0.5727317177992003,4.6051287998944055,100
1770950726.943537,1.2,0.38622169186160626,4.605128554265659,100
1770950727.1882932,1.3,0.026579779302248304,4.605122331052871,100
1770950727.436037,1.4000000000000001,1.071194246720737,4.605117948834933,100
1770950727.677572,1.5000000000000002,1.0041709960784146,4.605107778521863,100
1770950727.9192882,1.6000000000000003,1.002093063294241,4.60510226622176,100
1770950728.156467,1.7000000000000004,0.4207828069350212,4.6050954029603455,100
1770950728.4022558,1.8000000000000005,0.27849918628305415,4.6050846031299155,100
1770950728.6476018,1.9000000000000006,0.5226684070624948,4.6050873565041615,100
1770950728.8932228,2.0000000000000004,0.44132992030404833,4.605084677220124,100
1770950729.134133,2.1000000000000005,0.2604781772069452,4.605083703215681,100
1770950729.380333,2.2000000000000006,0.991969339095596,4.605080078812766,100
1770950729.629258,2.3000000000000007,1.148021226109109,4.60507580415399,100
1770950729.867854,2.400000000000001,0.43715627370257626,4.605072881727894,100
1770950730.107771,2.500000000000001,0.5730949714164821,4.605058138704266,100
1770950730.3605828,2.600000000000001,0.3378516152005743,4.605058298762672,100
1770950730.603543,2.700000000000001,0.6150828924327644,4.605054996473949,100
1770950730.8482518,2.800000000000001,0.020245541900922093,4.605054798086482,100
1770950731.094076,2.9000000000000012,0.10379432835859026,4.6050466612288155,100
1770950731.340329,3.0000000000000013,0.3053942601943601,4.605044692452337,100
1770950731.59442,3.1000000000000014,0.46194156840150574,4.60504623838828,100
1770950731.83504,3.2000000000000015,0.535113508357637,4.605044029568239,100
1770950732.075676,3.3000000000000016,0.28618492015565056,4.6050390363043725,100
1770950732.317178,3.4000000000000017,0.4110534355105376,4.605030980451003,100
1770950732.5648682,3.5000000000000018,0.09856591627113667,4.605029822076217,100
1770950732.812144,3.600000000000002,0.9372413521608481,4.605025095839791,100
1770950733.074433,3.700000000000002,0.5053165926155526,4.605016927153155,100
1770950733.320843,3.800000000000002,0.4805590238365466,4.605016432391599,100
1770950733.566616,3.900000000000002,0.3466919598771645,4.605009942887851,100
1770950733.812875,4.000000000000002,0.5858899138137852,4.605012597415037,100
1770950734.048928,4.100000000000001,0.7379300363065799,4.605012651076159,100
1770950734.2876139,4.200000000000001,0.15285061992952229,4.605010201931175,100
1770950734.532114,4.300000000000001,0.5247369983388737,4.604997645597761,100
1770950734.776263,4.4,0.1664385338169582,4.604989176035669,100
1770950735.018444,4.5,0.8974244774385239,4.604983023906514,100
1770950735.2706509,4.6,0.6102257134101055,4.60497740559034,100
1770950735.5160398,4.699999999999999,0.15721431507230035,4.604972342183975,100
1770950735.763267,4.799999999999999,0.8097056102118925,4.604964557674929,100
1770950736.002862,4.899999999999999,1.0175215931311334,4.604961115475834,100
1770950736.2468622,4.999999999999998,1.0214853891689493,4.604949745827767,100
1770950736.490845,5.099999999999998,0.5999803496673309,4.6049451990869175,100
1770950736.736501,5.1999999999999975,0.12259654089859291,4.604946660408247,100
1770950736.968947,5.299999999999997,0.6320057563364252,4.6049383197893485,100
1770950737.200426,5.399999999999997,0.5305311241443733,4.604932863370604,100
1770950737.428771,5.4999999999999964,-1.6321953077610394,4.604926190386391,100
1770950737.6621299,5.599999999999996,-14.400358008044465,4.604937231061848,100
1770950737.8952801,5.699999999999996,-96.16165766707994,4.60493346327831,100
1770950738.1201348,5.799999999999995,-458.08795868194045,4.604925133915434,100
1770950738.3457322,5.899999999999995,-2193.626933083813,4.6049293909094375,100
1770950738.578748,5.999999999999995,-9316.304054819651,4.604928365387561,100
1770950738.809514,6.099999999999994,-40359.935163719216,4.604922684122505,100
1770950739.0441039,6.199999999999994,-163075.86084755242,4.604929037736736,100
1770950739.282779,6.299999999999994,-672778.0083585125,4.604925371300677,100
1770950739.519634,6.399999999999993,-2647902.2788899248,4.604921558401731,100
1770950739.7533078,6.499999999999993,-10596543.54528028,4.604919411782321,100
1770950739.990161,6.5999999999999925,-41188532.39401004,4.604911784172389,100
1770950740.220779,6.699999999999992,-160366628.86806163,4.604914084210181,100
1770950740.4536672,6.799999999999992,-617846686.2818133,4.604912175535308,100
1770950740.686062,6.8999999999999915,-2365095793.603801,4.6049026088686835,100
1770950740.925316,6.999999999999991,-9050364611.700184,4.604888357030459,100
1770950741.1610932,7.099999999999991,-34558481170.44076,4.604885466232696,100
1770950741.3977559,7.19999999999999,-130349867364.3076,4.6048665796854324,100
1770950741.634787,7.29999999999999,-491165554871.403,4.604873809544226,100
1770950741.864883,7.39999999999999,-1853127682987.418,4.604865588782441,100
1770950742.098808,7.499999999999989,-4615501962868.742,4.604863781460085,100
1770950742.3201191,7.599999999999989,-12077711636417.762,4.604854206661554,100
1770950742.543351,7.699999999999989,-18991146831075.016,4.604838614178286,100
1770950742.769678,7.799999999999988,-728.0637251198401,4.604828433770248,100
1770950743.005719,7.899999999999988,-158.30465983693193,4.604827400540422,100
1770950743.2376041,7.999999999999988,-70.00537798455896,4.604830412193425,100
1770950743.470556,8.099999999999987,-52.49887340355004,4.604826231567319,100
1770950743.705455,8.199999999999987,-37.23349753012014,4.604826035529848,100
1770950743.9459798,8.299999999999986,-28.936936471632734,4.604818429614273,100
1770950744.1736891,8.399999999999986,-20.397353333376095,4.604834695589782,100
1770950744.404719,8.499999999999986,-15.865827942740289,4.604835039024819,100
1770950744.6334121,8.599999999999985,-11.91097601519025,4.604827063180993,100
1770950744.8705878,8.699999999999985,-10.641820338256203,4.604809815461442,100
1770950745.103157,8.799999999999985,-8.543961528567413,4.604813548735401,100
1770950745.342947,8.899999999999984,-6.542961725486933,4.604812935822555,100
1770950745.579443,8.999999999999984,-5.592881199145989,4.60480717685607,100
1770950745.817238,9.099999999999984,-5.5283753100913975,4.604811658320207,100
1770950746.052924,9.199999999999983,-6.112008833190571,4.604787992613847,100
1770950746.291594,9.299999999999983,-3.665050261181972,4.604777487005383,100
1770950746.522092,9.399999999999983,-3.4352337223077387,4.60476804594018,100
1770950746.753682,9.499999999999982,-4.395029204749548,4.604783349108727,100
1770950746.991432,9.599999999999982,-3.8894984058560085,4.604774501647389,100
1770950747.2339342,9.699999999999982,-5.462245099133578,4.604762925045731,100
1770950747.4720042,9.799999999999981,-5.232638110402197,4.604750390773421,100
1770950747.711909,9.89999999999998,-6.09485590356909,4.60474638503908,100
1770950747.9541829,9.99999999999998,-7.473976946744906,4.604745101156667,100
1770950748.194282,10.09999999999998,-9.646190654032372,4.604726422306955,100
1770950748.437742,10.19999999999998,-10.682269981740358,4.604714390468045,100
1770950748.672653,10.29999999999998,-13.919264601996378,4.604719059237108,100
1770950748.91533,10.399999999999979,-16.002724734581083,4.604719390490606,100
1770950749.1577559,10.499999999999979,-21.54568910369865,4.6047081722493495,100
1770950749.3966138,10.599999999999978,-25.238063218385882,4.604695358471583,100
1770950749.639395,10.699999999999978,-51.47819991295372,4.604683785697616,100
1770950749.880963,10.799999999999978,-87.04539539771787,4.60469542724666,100
1770950750.123124,10.899999999999977,-139.60114226180636,4.604698583888458,100
1770950750.372703,10.999999999999977,-687.5783560013958,4.604693139961598,100
1770950750.608593,11.099999999999977,-3440.374265012322,4.604685714991961,100
1770950750.847044,11.199999999999976,-14719.003601454559,4.6046949928124175,100
1770950751.091039,11.299999999999976,-65307.83866610984,4.604702280651033,100
1770950751.329014,11.399999999999975,-263507.71384478256,4.604696893634975,100
1770950751.571258,11.499999999999975,-1098236.6317731272,4.604686995745248,100
1770950751.8151932,11.599999999999975,-4361262.879840405,4.604682880800981,100
1770950752.05943,11.699999999999974,-17488655.840611923,4.604676356165145,100
1770950752.3074849,11.799999999999974,-68085395.2638202,4.604658347321566,100
1770950752.545929,11.899999999999974,-265864360.8420882,4.604644018454285,100
1770950752.784548,11.999999999999973,-1033572797.9057419,4.604669143646732,100
1770950753.0318668,12.099999999999973,-3956854554.402541,4.604684709195443,100
1770950753.273277,12.199999999999973,-15086993462.428827,4.604675511008507,100
1770950753.517515,12.299999999999972,-57738806341.036804,4.604669584880174,100
1770950753.764311,12.399999999999972,-217885522173.88242,4.604657595863935,100
1770950754.031661,12.499999999999972,-826266611995.8086,4.604659160745506,100
1770950754.2842948,12.599999999999971,-2844058734506.7314,4.604643337984858,100
1770950754.5246542,12.69999999999997,-6172541233796.227,4.6046464399606055,100
1770950754.7645051,12.79999999999997,-6161382887918.826,4.604643764324422,100
1770950755.014132,12.89999999999997,-6321915911754.425,4.604636991897432,100
1770950755.260371,12.99999999999997,-6248038851907.834,4.604633878307402,100
1770950755.507263,13.09999999999997,-6556432411413.158,4.604638543466375,100
1770950755.755883,13.199999999999969,-9775881211817.42,4.60463087967911,100
1770950756.005328,13.299999999999969,-7748256064907.841,4.60462781192194,100
1770950756.260511,13.399999999999968,-9512614584557.24,4.604604005474796,100
1770950756.503855,13.499999999999968,-9714557403753.352,4.604586727819783,100
1770950756.7467258,13.599999999999968,-12075436582588.762,4.604579964992448,100
1770950756.9906719,13.699999999999967,-10229293346183.566,4.604581574780046,100
1770950757.245101,13.799999999999967,-6393359351115.987,4.604571072726872,100
1770950757.49472,13.899999999999967,-6961211060089.678,4.604546108760917,100
1770950757.746453,13.999999999999966,-8150849354732.201,4.604549155714197,100
1770950757.997448,14.099999999999966,-8587560968135.872,4.604523681481448,100
1770950758.25032,14.199999999999966,-10564933000912.314,4.604498602163964,100
1770950758.491223,14.299999999999965,-9691470404442.66,4.60450610988542,100
1770950758.732079,14.399999999999965,-13294928827592.238,4.604510481563894,100
1770950758.982524,14.499999999999964,-9065548953507.09,4.604502802744646,100
1770950759.233483,14.599999999999964,-6307758732710.42,4.604493620657832,100
1770950759.49063,14.699999999999964,-5448133669835.179,4.604475020818094,100
1770950759.748118,14.799999999999963,-9446764490475.55,4.604461926730739,100
1770950760.001397,14.899999999999963,-10592671872057.629,4.6044248622849935,100
1770950760.248857,14.999999999999963,-4609035877623.071,4.60443017055346,100
1770950760.491063,15.099999999999962,-6467499212304.297,4.604408719042228,100
1770950760.741806,15.199999999999962,-8433199894751.804,4.604371543794707,100
1770950760.990623,15.299999999999962,-7959916517534.514,4.604355782943352,100
1770950761.238545,15.399999999999961,-10068515423151.848,4.6043609977100495,100
1770950761.489781,15.499999999999961,-5182567870391.124,4.604360278129718,100
1770950761.740893,15.59999999999996,-14272551616087.152,4.604346067627231,100
1770950762.00219,15.69999999999996,-8148045153290.046,4.604366092937479,100
1770950762.247653,15.79999999999996,-11503724954447.959,4.604354424391899,100
1770950762.495921,15.89999999999996,-8952233767136.193,4.604339413077047,100
1770950762.748734,15.99999999999996,-8955715428977.793,4.604335141514742,100
1770950762.999906,16.09999999999996,-5618866049651.367,4.604355285695604,100
1770950763.2521532,16.19999999999996,-7370436011534.372,4.604363338355536,100
1770950763.502913,16.29999999999996,-9964558772201.02,4.604343447025004,100
1770950763.757378,16.399999999999963,-8466550729418.274,4.604356484812139,100
1770950763.999894,16.499999999999964,-7680392259677.087,4.60435082057871,100
1770950764.24432,16.599999999999966,-7312155849964.994,4.604335486588014,100
1770950764.500811,16.699999999999967,-5201502620540.799,4.60430765844976,100
1770950764.748926,16.79999999999997,-6745725741205.086,4.604318622577829,100
1770950764.9986172,16.89999999999997,-7033419101536.065,4.604328506476401,100
1770950765.256193,16.99999999999997,-6823166010293.629,4.604331482274733,100
1770950765.515987,17.099999999999973,-7108383951522.035,4.604333863489073,100
1770950765.7619781,17.199999999999974,-5470260317506.585,4.604309673664387,100
1770950766.036442,17.299999999999976,-5297112534716.286,4.604301921352998,100
1770950766.282453,17.399999999999977,-5380340685474.061,4.604307204907408,100
1770950766.540892,17.49999999999998,-6978295219482.358,4.604302177441342,100
1770950766.795014,17.59999999999998,-6534644318774.293,4.604310044914924,100
1770950767.0499132,17.69999999999998,-7825408328470.026,4.604302933478739,100
1770950767.308171,17.799999999999983,-6524384477501.017,4.604288585197919,100
1770950767.555222,17.899999999999984,-10832663570785.928,4.604274258080014,100
1770950767.8016782,17.999999999999986,-10607113525926.906,4.604253692584593,100
1770950768.057863,18.099999999999987,-9506702616051.79,4.604243954066461,100
1770950768.309394,18.19999999999999,-6073030415362.355,4.604237949837973,100
1770950768.562517,18.29999999999999,-5827804925591.751,4.604235475163686,100
1770950768.81357,18.39999999999999,-13353037023950.668,4.604214407860833,100
1770950769.067801,18.499999999999993,-9612583609556.299,4.60423318982819,100
1770950769.3127522,18.599999999999994,-9718336443925.912,4.604227696556754,100
1770950769.557226,18.699999999999996,-8545656005923.391,4.604221632755993,100
1770950769.808985,18.799999999999997,-11895005587419.967,4.604186272640666,100
1770950770.0592651,18.9,-9632836211405.027,4.6041601317681025,100
1770950770.312959,19.0,-5332547147706.377,4.604167248862399,100
1770950770.565701,19.1,-6838612630995.316,4.604182744984893,100
1770950770.8248498,19.200000000000003,-8587934210179.321,4.604186308926499,100
1770950771.0710201,19.300000000000004,-7504182407210.459,4.604169568212463,100
1770950771.316821,19.400000000000006,-6275846690172.033,4.6041519628252,100
1770950771.562763,19.500000000000007,-5812486351758.851,4.6041376020872535,100
1770950771.821095,19.60000000000001,-10601266772812.309,4.604126999618105,100
1770950772.072232,19.70000000000001,-7096575320943.328,4.604093272630088,100
1770950772.324621,19.80000000000001,-5225420952713.14,4.604104461703108,100
1770950772.578496,19.900000000000013,-5040070626676.212,4.604113179705926,100
1770950772.8371782,20.000000000000014,-10088903200025.133,4.604097131707417,100
1770950773.085142,20.100000000000016,-8455012498475.487,4.604096320045512,100
1770950773.333333,20.200000000000017,-14999647985399.25,4.604078623115738,100
1770950773.592692,20.30000000000002,-12953899517219.47,4.604048277267033,100
1770950773.851255,20.40000000000002,-7259028650296.148,4.604047527016903,100
1770950774.106892,20.50000000000002,-5317401931342.838,4.604052633080493,100
1770950774.3641798,20.600000000000023,-10805472540858.385,4.604027903629583,100
1770950774.622519,20.700000000000024,-10517650045744.885,4.6040238281373504,100
1770950774.869921,20.800000000000026,-13349291487002.654,4.6039941950309835,100
1770950775.117996,20.900000000000027,-6643579337640.139,4.604005813511327,100
1770950775.378397,21.00000000000003,-8964107201177.623,4.6040169537985465,100
1770950775.634721,21.10000000000003,-8639469829767.191,4.604005157971773,100
1770950775.89251,21.20000000000003,-7150760772198.133,4.603978590367484,100
1770950776.153337,21.300000000000033,-8639789724167.845,4.603970807471763,100
1770950776.4018612,21.400000000000034,-7189116876345.895,4.603955279785101,100
1770950776.6513972,21.500000000000036,-239.971363989213,4.6039444026703515,100
1770950776.93234,21.600000000000037,-37.02461619357882,4.603933305195251,100
1770950777.1893818,21.70000000000004,-12.18931494235669,4.603935621525947,100
1770950777.446971,21.80000000000004,-7.4707720514085985,4.6039381258744685,100
1770950777.705916,21.90000000000004,-1.4011351007840338,4.6039429789376065,100
1770950777.965184,22.000000000000043,1.2756871848743336,4.603890266922821,100
1770950778.216254,22.100000000000044,1.922776464397924,4.603900668690042,100
1770950778.468752,22.200000000000045,2.5194611309250026,4.6038814867888345,100
1770950778.7322712,22.300000000000047,3.126020118239018,4.6038754443091445,100
1770950778.9898,22.40000000000005,3.131075282125361,4.603888204565349,100
1770950779.250282,22.50000000000005,3.1472846552395106,4.603855390887823,100
1770950779.511746,22.60000000000005,3.20759080284137,4.603854275052077,100
1770950779.7742689,22.700000000000053,3.024106188268256,4.603891771415972,100
1770950780.0260391,22.800000000000054,2.9899029756560704,4.603888981686061,100
1770950780.28126,22.900000000000055,3.044143974358251,4.603850199804074,100
1770950780.5426052,23.000000000000057,3.0558124478842252,4.603841021690444,100
1770950780.8040352,23.10000000000006,2.8140142634516634,4.603772342315781,100
1770950781.065443,23.20000000000006,2.4573623661302313,4.603731701995284,100
1770950781.33466,23.30000000000006,2.292072449355044,4.603730731298254,100
1770950781.589769,23.400000000000063,1.7087105030823615,4.603709684627182,100
1770950781.844651,23.500000000000064,0.5577991794723329,4.603710718954746,100
1770950782.100807,23.600000000000065,0.324395308923029,4.603688741963018,100
1770950782.367425,23.700000000000067,0.2606706066017699,4.603672870856419,100
1770950782.633331,23.800000000000068,0.22505904432846732,4.603694507141165,100
1770950782.906892,23.90000000000007,0.24385899317823628,4.603682548673525,100
1770950783.1673222,24.00000000000007,0.3192987407314947,4.603656575149974,100
1770950783.427337,24.100000000000072,0.39263692361507246,4.603652779716167,100
1770950783.694744,24.200000000000074,0.368165757236488,4.603625882595538,100
1770950783.9631639,24.300000000000075,0.45139641374462464,4.603626134647496,100
1770950784.2321322,24.400000000000077,1.2623186424708144,4.603653323073343,100
1770950784.501725,24.500000000000078,0.8699694379432997,4.60367121024082,100
1770950784.76001,24.60000000000008,1.535481650918927,4.603689456660263,100
1770950785.0186749,24.70000000000008,2.489554556788083,4.603677317541967,100
1770950785.2955441,24.800000000000082,2.6793303254295107,4.603648717146604,100
1770950785.556587,24.900000000000084,2.5343306544303292,4.603662520230873,100
1770950785.82109,25.000000000000085,2.9595675221574846,4.6036696428931805,100
1770950786.09251,25.100000000000087,2.81111162470424,4.603686661712701,100
1770950786.3500118,25.200000000000088,2.750074033541539,4.603675863894248,100
1770950786.607865,25.30000000000009,2.19953903405727,4.603616635432808,100
1770950786.874295,25.40000000000009,2.5562013787533444,4.603621452095951,100
1770950787.135679,25.500000000000092,1.3808181934176573,4.603607313833896,100
1770950787.396885,25.600000000000094,0.7503582220158962,4.6035695345877246,100
1770950787.671731,25.700000000000095,0.24121097310640977,4.603559277986099,100
1770950787.940758,25.800000000000097,-1.6908333372598727,4.603531588144074,100
1770950788.199301,25.900000000000098,-6.145159826763929,4.603503624852876,100
1770950788.4574249,26.0000000000001,-17.93494943440561,4.6034962428148125,100
1770950788.7230568,26.1000000000001,-37.163553771308,4.603499564072378,100
1770950788.987466,26.200000000000102,-84.15381457686058,4.603505816848878,100
1770950789.253367,26.300000000000104,-472.82912534020556,4.60346657803267,100
1770950789.5227761,26.400000000000105,-2418.537982387292,4.6034409171310235,100
1770950789.789608,26.500000000000107,-10896.910982257012,4.603433726758757,100
1770950790.048652,26.600000000000108,-48083.33033665474,4.603362919267998,100
1770950790.311292,26.70000000000011,-200501.53029162282,4.603317683221505,100
1770950790.580503,26.80000000000011,-832046.9299355205,4.603282083977214,100
1770950790.8488462,26.900000000000112,-3353327.9608891304,4.603260562985285,100
1770950791.125042,27.000000000000114,-13398517.017123606,4.603250209977851,100
1770950791.384087,27.100000000000115,-52898895.77447739,4.6032316942071105,100
1770950791.643528,27.200000000000117,-207075753.5526143,4.603204086978574,100
1770950791.903245,27.300000000000118,-802914850.6028045,4.603177035938615,100
1770950792.1754649,27.40000000000012,-3097162513.632947,4.603190995090851,100
1770950792.442106,27.50000000000012,-11856851635.014505,4.603173539918186,100
1770950792.710044,27.600000000000122,-45349147218.53877,4.603123938047536,100
1770950792.979842,27.700000000000124,-172074082505.2165,4.603101018449856,100
1770950793.244801,27.800000000000125,-648668721980.814,4.603069467931863,100
1770950793.5156531,27.900000000000126,-1338571522676.9185,4.603055499706118,100
1770950793.779711,28.000000000000128,-1951527272506.3477,4.602982874530194,100
1770950794.049139,28.10000000000013,-1137066474871.915,4.602977129417705,100
1770950794.320095,28.20000000000013,-1322871267541.3682,4.602985669980976,100
1770950794.587543,28.300000000000132,-1505269546358.1628,4.602979667615888,100
1770950794.8482602,28.400000000000134,-3630597736261.978,4.602970239896278,100
1770950795.117425,28.500000000000135,-739868400850.9121,4.602961629568325,100
1770950795.390163,28.600000000000136,-1061481396225.2406,4.602958404511668,100
1770950795.664549,28.700000000000138,-671347712446.0337,4.602930853049051,100
1770950795.941837,28.80000000000014,-1324806884453.6663,4.602856896219221,100
1770950796.205884,28.90000000000014,-783679140493.124,4.6028724866230375,100
1770950796.4686341,29.000000000000142,-1635156529202.606,4.602869512192192,100
1770950796.740427,29.100000000000144,-3889914860641.84,4.602836734578301,100
1770950797.012948,29.200000000000145,-1009858727193.7329,4.6027784099297655,100
1770950797.285646,29.300000000000146,-778698306609.344,4.602770466572913,100
1770950797.558421,29.400000000000148,-5261517081254.186,4.602802715886963,100
1770950797.822625,29.50000000000015,-974477543286.9075,4.602783890841765,100
1770950798.096129,29.60000000000015,-4428192811554.95,4.602769413386916,100
1770950798.3657742,29.700000000000152,-1937375834560.2075,4.602835422649244,100
1770950798.637738,29.800000000000153,-1660936572859.006,4.6028198656400185,100
1770950798.912274,29.900000000000155,-1789136971286.3796,4.6028413963240435,100
1770950799.186806,30.000000000000156,-928402407613.3185,4.602818713523249,100
1770950799.4536378,30.100000000000158,-2840328636325.724,4.602818911076803,100
1770950799.728904,30.20000000000016,-1692669850459.822,4.602806167894491,100
1770950799.9991958,30.30000000000016,-1046458084411.4045,4.602718125336684,100
1770950800.27558,30.400000000000162,-2354286002006.887,4.602729135224295,100
1770950800.55115,30.500000000000163,-936282300444.3315,4.602713510683114,100
1770950800.830236,30.600000000000165,-824434537651.3088,4.602719052773973,100
1770950801.0978482,30.700000000000166,-1139093939038.9697,4.6026834420399805,100
1770950801.374778,30.800000000000168,-1500084392782.5708,4.602636568569408,100
1770950801.6445801,30.90000000000017,-1719703415501.243,4.602600740024129,100
1770950801.9187021,31.00000000000017,-1206123792409.6206,4.602554385503044,100
1770950802.194835,31.100000000000172,-845083545270.4639,4.602516640056908,100
1770950802.470979,31.200000000000173,-1532906439531.3264,4.60255649672469,100
1770950802.764853,31.300000000000175,-2229456270282.078,4.602527678168407,100
1770950803.061026,31.400000000000176,-1177736137499.502,4.602548374725985,100
1770950803.381196,31.500000000000178,-1841065078257.4885,4.602552694534993,100
1770950803.667369,31.60000000000018,-1389339421450.8733,4.602507401061828,100
1770950803.94668,31.70000000000018,-1657728994945.935,4.602501142733308,100
1770950804.2127879,31.800000000000182,-1399123827702.6897,4.602460887109466,100
1770950804.49055,31.900000000000183,-3278303494115.8447,4.602506480922464,100
1770950804.8154922,32.000000000000185,-2567956650728.6606,4.602468610452823,100
1770950805.092899,32.100000000000186,-4988284482341.469,4.602411944640792,100
1770950805.374624,32.20000000000019,-1625270738069.7375,4.602386332687386,100
1770950805.649903,32.30000000000019,-1014998863988.9445,4.602359526141916,100
1770950805.917012,32.40000000000019,-1461569608831.6553,4.602372935405111,100
1770950806.196173,32.50000000000019,-1821509006825.02,4.6024437279149595,100
1770950806.4680262,32.60000000000019,-2804261577328.5967,4.602424805658927,100
1770950806.747726,32.700000000000195,-2811284594749.04,4.602386535961739,100
1770950807.030977,32.800000000000196,-1502671015462.733,4.602370464138939,100
1770950807.2994492,32.9000000000002,-1375187377963.72,4.60235537386976,100
1770950807.569269,33.0000000000002,-1355930827049.9604,4.60232021006876,100
1770950807.848275,33.1000000000002,-2549294246239.379,4.602331209135732,100
1770950808.124251,33.2000000000002,-1171601608857.0742,4.60238147246789,100
1770950808.406531,33.3000000000002,-1315111093569.105,4.602351616794624,100
1770950808.68656,33.400000000000205,-3635999221295.7026,4.602388516404998,100
1770950808.955463,33.500000000000206,-1923719936447.8547,4.602347566653388,100
1770950809.232043,33.60000000000021,-685590339585.5901,4.602305263852811,100
1770950809.5169091,33.70000000000021,-1560723020828.078,4.602315114261681,100
1770950809.805433,33.80000000000021,-1412431241439.7126,4.602336504983412,100
1770950810.073833,33.90000000000021,-3857552791718.2754,4.6022749945107435,100
1770950810.3483698,34.00000000000021,-3057612339923.357,4.602271681929925,100
1770950810.627427,34.100000000000215,-1670196630385.1382,4.602179343339311,100
1770950810.902904,34.200000000000216,-1456486750709.771,4.6021752670223135,100
1770950811.181234,34.30000000000022,-1293265125441.5435,4.602107056421618,100
1770950811.4646652,34.40000000000022,-1078978918661.3853,4.602075495203601,100
1770950811.7346811,34.50000000000022,-2729497475616.874,4.6020378369746116,100
1770950812.0046442,34.60000000000022,-991352956445.6534,4.602017014203103,100
1770950812.286944,34.70000000000022,-712477143605.2805,4.602030294173787,100
1770950812.563424,34.800000000000225,-1896661054890.7153,4.602008395895991,100
1770950812.845388,34.900000000000226,-1683573617687.9573,4.601992084886159,100
1770950813.124365,35.00000000000023,-722720528959.8164,4.602033575507581,100
1770950813.397278,35.10000000000023,-1351445437842.9456,4.602024004929662,100
1770950813.677197,35.20000000000023,-694718133427.6677,4.602056874915665,100
1770950813.958237,35.30000000000023,-1805801749462.5688,4.60203577326548,100
1770950814.249315,35.40000000000023,-2737918905919.388,4.602031212207987,100
1770950814.526474,35.500000000000234,-1184375620378.1367,4.602037205931645,100
1770950814.80091,35.600000000000236,-2183118318509.7058,4.601879216425862,100
1770950815.086764,35.70000000000024,-3109321520455.8677,4.601864747965716,100
1770950815.369705,35.80000000000024,-1177687635976.1638,4.601874293286583,100
1770950815.650934,35.90000000000024,-3168015619206.956,4.601831833227769,100
1770950815.938921,36.00000000000024,-2073570691638.1084,4.601821881711199,100
1770950816.213794,36.10000000000024,-728.858021948315,4.601805689047197,100
1770950816.488689,36.200000000000244,-127.3086951378909,4.601735953998196,100
1770950816.776892,36.300000000000246,-30.368536979538142,4.601779204595988,100
1770950817.0579689,36.40000000000025,-17.512150690941745,4.60186260798561,100
1770950817.341871,36.50000000000025,-9.390484013347882,4.6018828953992275,100
1770950817.6285682,36.60000000000025,-6.664770249538636,4.601921013188898,100
1770950817.8990211,36.70000000000025,-3.356180648451453,4.601906775124828,100
1770950818.1790662,36.80000000000025,-0.5495097082364901,4.601905614888644,100
1770950818.457128,36.900000000000254,-0.2985404836119789,4.60193312890512,100
1770950818.737018,37.000000000000256,0.5334363531260109,4.601903058958259,100
1770950819.020674,37.10000000000026,1.4403816974138286,4.601877591402801,100
1770950819.292774,37.20000000000026,1.617591128415738,4.601837036350107,100
1770950819.5649972,37.30000000000026,1.9928731192220628,4.601819083410162,100
1770950819.848462,37.40000000000026,1.3922128569201722,4.601851150809425,100
1770950820.1257868,37.50000000000026,2.128308611563321,4.601861055462651,100
1770950820.421958,37.600000000000264,2.2416753453725295,4.6018043799973345,100
1770950820.692681,37.700000000000266,2.2410759399538716,4.601752456614805,100
1770950820.964322,37.80000000000027,2.388463232271934,4.601714309579076,100
1770950821.244927,37.90000000000027,1.9731648260507282,4.601748981199255,100
1770950821.521673,38.00000000000027,2.246590381336428,4.601722111760704,100
1770950821.805366,38.10000000000027,1.7609270760100464,4.601676877180766,100
1770950822.0937312,38.20000000000027,2.2366485422786706,4.601591488118146,100
1770950822.36751,38.300000000000274,2.40357399764963,4.601517956251077,100
1770950822.652425,38.400000000000276,2.035182232410952,4.601566033690998,100
1770950822.931179,38.50000000000028,2.1456984422460077,4.601504893891317,100
1770950823.214925,38.60000000000028,1.4802383980499092,4.601498455955397,100
1770950823.5079522,38.70000000000028,1.6213319695305548,4.601477897284682,100
1770950823.7819982,38.80000000000028,0.9227336010117086,4.601414010134826,100
1770950824.0579531,38.90000000000028,1.2103642496695188,4.601431934256009,100
1770950824.344778,39.000000000000284,1.3801685849538,4.601386442841754,100
1770950824.630004,39.100000000000286,0.4943536145849584,4.601370104967771,100
1770950824.916159,39.20000000000029,0.2610945677901705,4.601314749667103,100
1770950825.2069,39.30000000000029,-0.5966920377770732,4.601361357858824,100
1770950825.4822872,39.40000000000029,-1.7306370673153921,4.601298187913497,100
1770950825.76689,39.50000000000029,-3.1636590356042635,4.601219823642686,100
1770950826.048231,39.60000000000029,-6.215372087836608,4.601159185540352,100
1770950826.3357382,39.700000000000294,-11.886409819924713,4.601119782938333,100
1770950826.6218162,39.800000000000296,-16.963217117470563,4.601073722419927,100
1770950826.896183,39.9000000000003,-25.59031500030806,4.601077036929944,100
1770950827.184114,40.0000000000003,-42.86451485135486,4.601047078687518,100
1770950827.4774258,40.1000000000003,-55.28463099576659,4.600977445485106,100
1770950827.773159,40.2000000000003,-89.31274313588455,4.600998176921305,100
1770950828.069549,40.3000000000003,-414.96258627236955,4.600992067170185,100
1770950828.350293,40.400000000000304,-1985.1406199740118,4.601023713588828,100
1770950828.640913,40.500000000000306,-9417.732564309848,4.601011719848523,100
1770950828.9260101,40.60000000000031,-40295.95832128469,4.601003413813843,100
1770950829.21793,40.70000000000031,-172402.49487103816,4.6009030612627875,100
1770950829.498251,40.80000000000031,-702972.2792478456,4.600896684516757,100
1770950829.7764711,40.90000000000031,-2868023.409191894,4.600923545266683,100
1770950830.0666618,41.00000000000031,-11408572.796431677,4.6008637127755865,100
1770950830.357237,41.100000000000314,-45152921.721837655,4.600869888461168,100
1770950830.651984,41.200000000000315,-176423672.99417812,4.600860361966318,100
1770950830.9307442,41.30000000000032,-683928506.9474417,4.6008040799378245,100
1770950831.208852,41.40000000000032,-2638715296.920078,4.60074548303376,100
1770950831.501673,41.50000000000032,-10108445153.036942,4.600807421164635,100
1770950831.78781,41.60000000000032,-38711346012.809135,4.600735338614679,100
1770950832.0827541,41.70000000000032,-146794343627.9773,4.600761741489069,100
1770950832.361755,41.800000000000324,-554476470588.4678,4.600723812208284,100
1770950832.6406138,41.900000000000325,-1701981640881.4521,4.600712868306528,100
1770950832.93874,42.00000000000033,-1522561650965.1047,4.600697008444562,100
1770950833.2261262,42.10000000000033,-1802794675732.2554,4.600727461600073,100
1770950833.525834,42.20000000000033,-1121895882886.4287,4.600784097635436,100
1770950833.80812,42.30000000000033,-3017124568211.2188,4.600828310479318,100
1770950834.090894,42.40000000000033,-1406896583916.8376,4.60074383648001,100
1770950834.387599,42.500000000000334,-1497946323617.126,4.60072906181546,100
1770950834.678047,42.600000000000335,-2130052426443.8552,4.600668275373531,100
1770950834.978941,42.70000000000034,-2073026874380.3909,4.600594955441351,100
1770950835.263413,42.80000000000034,-1034451178173.8284,4.600551652834255,100
1770950835.547441,42.90000000000034,-1407807883038.226,4.600576072664126,100
1770950835.838418,43.00000000000034,-1534162268568.5317,4.6005832121649926,100
1770950836.130972,43.10000000000034,-954516564350.9731,4.60059145441567,100
1770950836.4275908,43.200000000000344,-1299548509744.4734,4.600521578787348,100
1770950836.711045,43.300000000000345,-1119923652037.52,4.600487513708547,100
1770950837.00591,43.40000000000035,-4769005268559.269,4.600413470937245,100
1770950837.291147,43.50000000000035,-1746076267716.822,4.600193326095253,100
1770950837.5834072,43.60000000000035,-2855209950727.9326,4.600119652020054,100
1770950837.877258,43.70000000000035,-2182168584154.1602,4.6000313624489255,100
1770950838.158636,43.80000000000035,-1749473461960.8884,4.600094434435263,100
1770950838.4476259,43.900000000000354,-3871024553428.7373,4.600113762295192,100
1770950838.737359,44.000000000000355,-1655813341243.7466,4.600134811310395,100
1770950839.0362391,44.10000000000036,-588862513793.0981,4.600112501809249,100
1770950839.318818,44.20000000000036,-2084884734752.1501,4.600068257057959,100
1770950839.6022348,44.30000000000036,-2856312319573.996,4.600110632622455,100
1770950839.894295,44.40000000000036,-1355306033116.0745,4.600060106677621,100
1770950840.187875,44.50000000000036,-2272222962150.014,4.5999849275845675,100
1770950840.5005062,44.600000000000364,-2345731766397.767,4.59993158045191,100
1770950840.78419,44.700000000000365,-2580392475251.8413,4.599871314259258,100
1770950841.0763898,44.80000000000037,-2438818088355.956,4.599905532345301,100
1770950841.379432,44.90000000000037,-1433397747378.4343,4.599825101475686,100
1770950841.681377,45.00000000000037,-711499609121.5188,4.599795562391412,100
1770950841.964679,45.10000000000037,-3668495480558.0073,4.599873306496574,100
1770950842.249578,45.20000000000037,-1725545196024.0552,4.599811623353132,100
1770950842.545602,45.300000000000374,-2751741948221.837,4.599731898369345,100
1770950842.838856,45.400000000000375,-2051023539990.6204,4.599641983579877,100
1770950843.1385431,45.50000000000038,-1749487287271.157,4.599589504341995,100
1770950843.423414,45.60000000000038,-1651520740979.5474,4.599557529948821,100
1770950843.711755,45.70000000000038,-1660068259826.566,4.599492648735212,100
1770950844.0131001,45.80000000000038,-790082288496.8724,4.5994416668465785,100
1770950844.308667,45.90000000000038,-2629546120385.3037,4.599489466629379,100
1770950844.6064699,46.000000000000384,-1533664401227.3496,4.5993443220918,100
1770950844.8921,46.100000000000385,-2027960901829.593,4.5992467505312575,100
1770950845.187325,46.20000000000039,-1393385457182.5393,4.599172526633715,100
1770950845.484373,46.30000000000039,-1213879148640.8103,4.599208133231846,100
1770950845.7817652,46.40000000000039,-950260598781.0212,4.599164396273293,100
1770950846.069223,46.50000000000039,-2303682821443.837,4.599198970890081,100
1770950846.362813,46.60000000000039,-939309225073.1045,4.599141015156257,100
1770950846.658734,46.700000000000394,-1625656695613.9583,4.599132738950766,100
1770950846.961239,46.800000000000395,-4238407353916.8193,4.5989585321534445,100
1770950847.252311,46.9000000000004,-2619991804706.136,4.598770436731028,100
1770950847.550279,47.0000000000004,-1766348621797.9849,4.59867610397959,100
1770950847.841981,47.1000000000004,-1151162131088.9155,4.5985871504359315,100
1770950848.137984,47.2000000000004,-731128134138.7556,4.598520521225502,100
1770950848.44318,47.3000000000004,-1894160768305.7825,4.598466992221587,100
1770950848.7304802,47.400000000000404,-1077555023640.9384,4.598419576924058,100
1770950849.024458,47.500000000000405,-1249411663627.2427,4.5982975148094,100
1770950849.320859,47.600000000000406,-1165701023652.7922,4.598259682612915,100
1770950849.629261,47.70000000000041,-1696422800930.2783,4.598313211338253,100
1770950849.9180312,47.80000000000041,-1964800667762.33,4.598275041063507,100
1770950850.211338,47.90000000000041,-1112982695975.6409,4.5980735984544685,100
1770950850.512943,48.00000000000041,-1388112101983.6865,4.598000920752693,100
1770950850.815916,48.10000000000041,-1453362485940.722,4.598068899308762,100
1770950851.118141,48.200000000000415,-2480579817931.9683,4.598153554344672,100
1770950851.40976,48.300000000000416,-2544770851096.3955,4.598120945443071,100
1770950851.712066,48.40000000000042,-1834595146234.4353,4.598113829876546,100
1770950852.4282088,48.50000000000042,-967859817423.6208,4.598044785144851,100
1770950852.8259132,48.60000000000042,-2994773598434.041,4.597870047401398,100
1770950853.137028,48.70000000000042,-2207747242110.212,4.597831835461811,100
1770950853.428319,48.80000000000042,-2450399833387.3228,4.597676042602075,100
1770950853.731756,48.900000000000425,-1142341904874.4941,4.597578616972218,100
1770950854.0312378,49.000000000000426,-1091704146474.6194,4.597549187808974,100
1770950854.335732,49.10000000000043,-4808352297224.308,4.597513005673855,100
1770950854.625515,49.20000000000043,-1711924974612.7173,4.597543899575213,100
1770950854.921974,49.30000000000043,-1904966840214.9346,4.597650965560098,100
1770950855.225593,49.40000000000043,-1244624124887.1082,4.597598626757344,100
1770950855.5269198,49.50000000000043,-1920414661361.5352,4.59765848152646,100
1770950855.813882,49.600000000000435,-2514714711025.866,4.597538704307487,100
1770950856.115257,49.700000000000436,-861544787053.4015,4.59741153995915,100
1770950856.474596,49.80000000000044,-1526042593993.44,4.597254256052124,100
1770950856.778378,49.90000000000044,-1894965534366.8357,4.597295227066649,100
1770950857.066824,50.00000000000044,-1057594926313.5724,4.597225719749745,100
1770950857.36697,50.10000000000044,-1447811945640.221,4.597248961505127,100
1770950857.66022,50.20000000000044,-2576434761651.6006,4.597319628238345,100
1770950857.961791,50.300000000000445,-1395635045076.331,4.597269887378606,100
1770950858.26162,50.400000000000446,-1145419516918.108,4.5972485900861955,100
1770950858.5505679,50.50000000000045,-1253718635817.4648,4.5971402919534246,100
1770950858.849309,50.60000000000045,-1775082551615.7273,4.596996264504099,100
1770950859.1506088,50.70000000000045,-1461080594916.5994,4.596975188887111,100
1770950859.450337,50.80000000000045,-906060461395.4312,4.59696973902727,100
1770950859.739586,50.90000000000045,-1064581601460.1841,4.5967755848057585,100
1770950860.0368829,51.000000000000455,-808432566158.6825,4.596931135050259,100
1770950860.3407512,51.100000000000456,-2764015117159.697,4.596860838661992,100
1770950860.643724,51.20000000000046,-1637770329203.8801,4.5968697514067935,100
1770950860.934707,51.30000000000046,-1660630902702.7527,4.596813090350389,100
1770950861.233004,51.40000000000046,-1734037220348.4485,4.596675360529192,100
1770950861.5371819,51.50000000000046,-1869491994105.1277,4.596535698948112,100
1770950861.843617,51.60000000000046,-2034855761191.1506,4.596550203871713,100
1770950862.135571,51.700000000000465,-1075690648229.8175,4.596287207162406,100
1770950862.427433,51.800000000000466,-1656222857551.3381,4.595981513997995,100
1770950862.732395,51.90000000000047,-776678845253.0835,4.595888295768448,100
1770950863.032941,52.00000000000047,-1658530692477.6426,4.595961308871948,100
1770950863.3340878,52.10000000000047,-1517459229001.3738,4.595903577933509,100
1770950863.6401122,52.20000000000047,-1726352471172.3372,4.5956786210626825,100
1770950863.968684,52.30000000000047,-2193207844524.6233,4.5955330984464915,100
1770950864.285861,52.400000000000475,-1846310168663.2166,4.5955144053230095,100
1770950864.5988538,52.500000000000476,-2327707152702.503,4.595547769536972,100
1770950864.8931358,52.60000000000048,-1557898903479.3928,4.595463860510013,100
1770950865.2005498,52.70000000000048,-2644081886006.416,4.595360163758484,100
1770950865.501937,52.80000000000048,-3687398622505.164,4.595354940048195,100
1770950865.810611,52.90000000000048,-1155357334161.5303,4.595371520905879,100
1770950866.115834,53.00000000000048,-931986825698.8507,4.59541868714053,100
1770950866.410769,53.100000000000485,-1184840633797.8113,4.595387134312114,100
1770950866.712106,53.200000000000486,-1626780111091.0845,4.595420733899733,100
1770950867.018453,53.30000000000049,-809475784556.018,4.5953785937415335,100
1770950867.3265762,53.40000000000049,-1993074911776.9834,4.59515699320188,100
1770950867.6208498,53.50000000000049,-768533541929.4404,4.595188986430224,100
1770950867.922195,53.60000000000049,-1385993854555.843,4.595176774223995,100
1770950868.225468,53.70000000000049,-2641941861338.925,4.595215056931092,100
1770950868.5338051,53.800000000000495,-1818332887758.807,4.595094680544893,100
1770950868.8278651,53.900000000000496,-1010041773057.025,4.595126197327861,100
1770950869.129664,54.0000000000005,-2909721816075.3457,4.594997689735162,100
1770950869.4385762,54.1000000000005,-3472651221379.8447,4.594838684358279,100
1770950869.775768,54.2000000000005,-1046348784360.1703,4.594849614609178,100
1770950870.07838,54.3000000000005,-2104021909790.8362,4.595042849020497,100
1770950870.3964171,54.4000000000005,-769101516258.005,4.594978675082144,100
1770950870.708714,54.500000000000504,-1704910051386.6035,4.595066609262434,100
1770950871.0225449,54.600000000000506,-1693991715586.7612,4.595100392846656,100
1770950871.323804,54.70000000000051,-4525669945592.232,4.595094797226419,100
1770950871.6352901,54.80000000000051,-1262903769726.926,4.595018706672239,100
1770950871.941696,54.90000000000051,-2224967332483.424,4.594870953078798,100
1770950872.2560031,55.00000000000051,-3814323512625.9844,4.594738538511159,100
1770950872.5552902,55.10000000000051,-650396816538.8608,4.594501293332453,100
1770950872.863455,55.200000000000514,-3435925390514.882,4.594372372035551,100
1770950873.17365,55.300000000000516,-3814219860325.896,4.594329876070387,100
1770950873.4899032,55.40000000000052,-1525242402471.644,4.594377776662834,100
1770950873.789087,55.50000000000052,-1043020665807.6637,4.594371587296057,100
1770950874.097059,55.60000000000052,-508926570758.4524,4.594180478139165,100
1770950874.405626,55.70000000000052,-1002280341127.206,4.594186216525755,100
1770950874.716023,55.80000000000052,-552437330536.0038,4.594048547263471,100
1770950875.024821,55.900000000000524,-981254919794.8503,4.59399099798359,100
1770950875.33553,56.000000000000526,-2260064313680.678,4.594026771326584,100
1770950875.649641,56.10000000000053,-1492119755719.551,4.594111523100967,100
1770950875.965081,56.20000000000053,-1185490450303.0894,4.593965004244071,100
1770950876.2743099,56.30000000000053,-1328628166538.019,4.593931188153072,100
1770950876.573786,56.40000000000053,-4128804733993.805,4.593801819095034,100
1770950876.8905349,56.50000000000053,-1324355587406.7544,4.593815933549513,100
1770950877.211277,56.600000000000534,-572096330514.183,4.593791421279297,100
1770950877.512534,56.700000000000536,-3894864332758.766,4.593678706899726,100
1770950877.8123279,56.80000000000054,-910136956269.0344,4.5934866175492015,100
1770950878.122978,56.90000000000054,-1161648700427.0898,4.59322199601872,100
1770950878.442559,57.00000000000054,-3454727388293.9443,4.593062134092222,100
1770950878.74276,57.10000000000054,-2525329864961.7944,4.593114843434841,100
1770950879.050436,57.20000000000054,-2465967989441.0645,4.593008424094038,100
1770950879.417262,57.300000000000544,-800081777263.2543,4.5930982992338265,100
1770950879.775532,57.400000000000546,-3248076030294.671,4.592972988256203,100
1770950880.166856,57.50000000000055,-896536764712.9619,4.593060765116006,100
1770950880.52275,57.60000000000055,-1477767711567.0105,4.592820977615025,100
1770950880.8705401,57.70000000000055,-1161455582944.3215,4.5928589553117405,100
1770950881.216126,57.80000000000055,-2761866259067.0015,4.592755613106121,100
1770950881.550793,57.90000000000055,-1536063435570.399,4.592809388897196,100
1770950881.864396,58.000000000000554,-2492621135179.133,4.592662786793047,100
1770950882.2126029,58.100000000000556,-1122490250834.4797,4.592623969826569,100
1770950882.541441,58.20000000000056,-2176182735533.1494,4.592520976266126,100
1770950882.868735,58.30000000000056,-847606884214.7949,4.592368799663742,100
1770950883.180223,58.40000000000056,-4630205156799.524,4.592099421523142,100
1770950883.504669,58.50000000000056,-1472991004445.091,4.591711559138374,100
1770950883.83717,58.60000000000056,-2128572948705.8013,4.591444215285452,100
1770950884.332452,58.700000000000564,-1540157508692.7686,4.591364232592077,100
1770950884.66878,58.800000000000566,-1737494319011.926,4.5912437976665466,100
1770950885.015307,58.90000000000057,-1818092640957.8901,4.59140452578483,100
1770950885.377204,59.00000000000057,-1664304094759.617,4.591288099310494,100
1770950885.713711,59.10000000000057,-1398568699909.8914,4.591037767438598,100
1770950886.0475059,59.20000000000057,-811514328972.1245,4.590984894747303,100
1770950886.383021,59.30000000000057,-2558096964899.967,4.590730339541992,100
1770950886.721896,59.400000000000574,-623310194860.4866,4.590540966217052,100
1770950887.041158,59.500000000000576,-547331084856.90643,4.590430354814175,100
1770950887.3738492,59.60000000000058,-2531144541654.079,4.590176652921637,100
1770950887.698642,59.70000000000058,-1800723226217.153,4.59011771692666,100
1770950888.0320032,59.80000000000058,-2542400155097.0615,4.589996248056261,100
1770950888.345155,59.90000000000058,-1549923820543.1338,4.589857360315707,100
